fok;cel;speed;tempo;icons;skill;scout;tel;holt;gAvg;fel;kies;stuck;bajnok;top;cim
1.1;4.00;alvo;turbo/turbo/turbo/turbo;teljes;loose;off;laza;1.5;3.91;98.04;0.00;0.00;79.57;6.00;79.63
1.2;4.00;alvo;turbo/turbo/turbo/gyors;teljes;loose;off;laza;1.5;3.91;98.01;0.00;0.00;80.26;6.00;80.59
1.3;4.00;alvo;turbo/turbo/gyors/gyors;teljes;loose;off;laza;1.5;3.91;97.75;0.00;0.00;79.72;6.00;80.19
1.4;4.00;alvo;turbo/gyors/gyors/gyors;teljes;loose;off;laza;1.5;3.91;97.94;0.00;0.00;79.89;6.00;79.94
1.5;4.00;alvo;gyors/gyors/gyors/gyors;teljes;loose;off;laza;1.5;3.91;97.94;0.00;0.00;80.03;6.00;80.31
2.1;3.40;alvo;gyors/gyors/gyors/gyors;teljes;loose;off;laza;1.5;3.32;94.67;0.00;0.00;69.19;6.00;69.54
2.2;3.40;lassu;gyors/gyors/gyors/gyors;teljes;loose;off;laza;1.5;3.34;94.25;0.00;0.00;69.77;6.00;70.16
2.3;3.40;lassu;gyors/gyors/gyors/normal;teljes;loose;off;laza;1.5;3.34;94.76;0.00;0.00;69.51;6.00;70.02
2.4;3.40;lassu;gyors/gyors/normal/normal;teljes;loose;off;laza;1.5;3.34;94.19;0.00;0.03;69.83;6.00;70.47
2.5;3.40;lassu;gyors/normal/normal/normal;teljes;loose;off;laza;1.5;3.34;94.04;0.00;0.00;70.32;6.00;70.76
3.1;2.80;lassu;gyors/normal/normal/normal;teljes;loose;off;laza;1.5;2.75;88.05;0.00;0.12;56.40;6.00;56.68
3.2;2.80;lassu;normal/normal/normal/normal;teljes;loose;off;laza;1.5;2.75;88.73;0.00;0.15;56.94;6.00;56.95
3.3;2.80;tarto;normal/normal/normal/normal;teljes;loose;off;laza;1.5;2.75;89.29;0.00;0.15;57.63;6.00;58.00
3.4;2.80;tarto;normal/normal/normal/normal;teljes;loose;off;normal;1.5;2.75;87.13;0.00;0.23;57.43;7.00;58.18
3.5;2.80;tarto;normal/normal/normal/komotos;teljes;loose;off;normal;1.5;2.75;87.72;0.00;0.23;56.78;6.00;57.26
4.1;2.20;tarto;normal/normal/normal/komotos;teljes;loose;off;normal;1.5;2.16;76.96;0.00;1.18;42.36;7.00;42.70
4.2;2.20;tarto;normal/normal/komotos/komotos;teljes;loose;off;normal;1.5;2.16;76.20;0.00;1.22;42.46;7.00;43.10
4.3;2.20;tarto;normal/komotos/komotos/komotos;teljes;loose;off;normal;1.5;2.16;75.78;0.00;1.44;41.67;7.00;42.06
4.4;2.20;tarto;normal/komotos/komotos/komotos;teljes;loose;on;normal;1.5;2.16;76.03;0.00;0.86;42.04;7.00;42.52
4.5;2.20;tarto;komotos/komotos/komotos/komotos;teljes;loose;on;normal;1.5;2.16;77.36;0.00;1.01;42.44;7.00;42.99
5.1;1.60;tarto;komotos/komotos/komotos/komotos;teljes;loose;on;normal;1.5;1.56;60.22;0.00;6.14;26.80;9.00;27.20
5.2;1.60;tarto;komotos/komotos/komotos/komotos;ritka;loose;on;normal;1.5;1.56;61.31;0.00;5.92;28.73;9.00;29.80
5.3;1.60;tarto;komotos/komotos/komotos/csiga;ritka;loose;on;normal;1.5;1.56;59.06;0.00;6.88;26.46;9.00;27.67
5.4;1.60;tarto;komotos/komotos/csiga/csiga;ritka;loose;on;normal;1.5;1.56;59.99;0.00;5.81;27.90;9.00;27.87
5.5;1.60;tarto;komotos/komotos/csiga/csiga;ritka;real;on;normal;1.5;1.56;61.75;0.01;5.89;28.11;9.00;28.30
6.1;1.40;tarto;komotos/komotos/csiga/csiga;ritka;real;on;normal;1.5;1.34;54.01;0.01;8.70;23.24;10.00;22.69
6.2;1.30;tarto;komotos/komotos/csiga/csiga;ritka;real;on;normal;1.75;1.23;50.49;0.04;10.69;20.63;10.00;19.51
6.3;1.20;tarto;komotos/csiga/csiga/csiga;ritka;real;on;normal;1.75;1.00;44.28;0.02;13.32;17.71;12.00;18.20
6.4;1.10;tarto;csiga/csiga/csiga/csiga;ritka;real;on;normal;1.75;1.01;44.31;0.02;14.60;17.59;12.00;17.78
6.5;1.00;tarto;csiga/csiga/csiga/gleccser;ritka;real;on;normal;1.75;0.86;40.39;0.08;17.18;14.61;13.00;13.95
7.1;0.90;tarto;csiga/csiga/csiga/gleccser;ritka;real;on;normal;1.75;0.75;36.46;0.04;20.98;12.88;14.00;13.42
7.2;0.80;tarto;csiga/csiga/csiga/gleccser;nagyonritka;real;on;normal;1.75;0.57;31.77;0.19;24.68;10.79;;11.73
7.3;0.70;tarto;csiga/csiga/gleccser/gleccser;nagyonritka;real;on;normal;1.75;0.45;28.55;0.29;27.69;9.68;;8.23
7.4;0.60;tarto;csiga/gleccser/gleccser/gleccser;nagyonritka;real;on;normal;1.75;0.30;27.43;0.33;28.34;8.83;;7.53
7.5;0.50;tarto;gleccser/gleccser/gleccser/gleccser;nagyonritka;real;on;normal;1.75;0.28;24.56;0.33;33.80;7.70;;6.35
8.1;0.40;tarto;gleccser/gleccser/gleccser/gleccser;nagyonritka;real;on;normal;1.75;0.19;22.50;0.28;36.27;6.67;;4.13
8.2;0.30;tarto;gleccser/gleccser/gleccser/gleccser;nagyonritka;real;on;szigoru;1.75;0.10;20.46;0.53;40.57;5.98;;3.85
8.3;0.20;tarto;gleccser/gleccser/gleccser/jegkorszak;nagyonritka;real;on;szigoru;1.75;-0.01;18.97;0.57;43.06;5.26;;2.52
8.4;0.10;tarto;gleccser/gleccser/jegkorszak/jegkorszak;nagyonritka;real;on;szigoru;1.75;-0.12;15.69;0.91;49.16;4.39;;5.00
8.5;0.00;tarto;gleccser/gleccser/jegkorszak/jegkorszak;nagyonritka;real;on;szigoru;2;-0.22;14.72;1.16;50.50;4.18;;0.00
9.1;-0.10;tarto;gleccser/gleccser/jegkorszak/jegkorszak;nagyonritka;real;on;szigoru;2;-0.31;12.71;1.18;55.23;3.40;;NaN
9.2;-0.20;tarto;gleccser/jegkorszak/jegkorszak/jegkorszak;nagyonritka;real;on;szigoru;2;-0.46;11.15;1.77;58.90;3.13;;0.00
9.3;-0.30;tarto;jegkorszak/jegkorszak/jegkorszak/jegkorszak;nagyonritka;real;on;szigoru;2;-0.46;10.17;1.68;61.43;2.56;;0.00
9.4;-0.40;tarto;jegkorszak/jegkorszak/jegkorszak/jegkorszak;ki;real;on;szigoru;2;-0.60;9.01;1.94;63.98;1.98;;NaN
9.5;-0.50;tarto;jegkorszak/jegkorszak/jegkorszak/kokorszak;ki;real;on;szigoru;2;-0.71;8.09;2.70;65.54;1.67;;NaN
10.1;-0.60;tarto;jegkorszak/jegkorszak/jegkorszak/kokorszak;ki;real;on;szigoru;2;-0.79;6.83;3.10;69.13;1.41;;NaN
10.2;-0.70;tarto;jegkorszak/jegkorszak/jegkorszak/kokorszak;ki;real;on;szigoru;2.25;-0.86;5.34;3.42;72.51;1.24;;NaN
10.3;-0.80;tarto;jegkorszak/jegkorszak/kokorszak/kokorszak;ki;real;on;szigoru;2.25;-0.97;5.02;4.11;73.66;1.12;;NaN
10.4;-0.90;tarto;jegkorszak/kokorszak/kokorszak/kokorszak;ki;real;on;szigoru;2.25;-1.08;4.10;5.04;76.06;0.70;;NaN
10.5;-1.00;tarto;kokorszak/kokorszak/kokorszak/kokorszak;ki;real;on;szigoru;2.25;-1.12;3.54;3.77;77.47;0.66;;NaN
